Day,Variant,Frame,i_GFP,t_dissolution
20230929,WT,1,102,181
20230929,WT,1,101,150
20230929,WT,1,101,123
20230929,WT,1,102,158
20230929,WT,2,102,135
20230929,WT,2,101,113
20230929,WT,2,102,153
20230929,WT,2,102,177
20230929,WT,3,102,181
20230929,WT,3,102,153
20230929,WT,3,101,181
20230929,WT,3,101,177
20230929,WT,4,102,125
20230929,WT,4,102,129
20230929,WT,4,101,143
20230929,WT,4,101,181
20230929,WT,5,101,181
20230929,WT,5,102,131
20230929,WT,5,102,159
20230929,WT,5,101,143
20230929,WT,6,102,181
20230929,WT,6,102,161
20230929,WT,6,101,176
20230929,WT,6,101,175
20230929,WT,7,102,145
20230929,WT,7,103,162
20230929,WT,7,102,151
20230929,WT,7,102,141
20230929,WT,8,102,132
20230929,WT,8,102,100
20230929,WT,8,102,181
20230929,WT,8,102,121
20230929,WT,9,102,99
20230929,WT,9,102,167
20230929,WT,9,102,158
20230929,WT,9,101,128
20230929,WT,10,102,145
20230929,WT,10,102,150
20230929,WT,11,102,147
20230929,WT,11,102,154
20230929,WT,11,101,142
20230929,WT,11,101,121
20230929,WT,12,102,106
20230929,WT,12,102,85
20230929,WT,12,101,152
20230929,WT,12,102,169
20230929,WT,13,102,181
20230929,WT,13,102,181
20230929,WT,13,102,157
20230929,WT,13,102,157
20230929,WT,14,102,141
20230929,WT,14,102,119
20230929,WT,14,102,126
20230929,WT,14,102,148
20230929,WT,15,102,161
20230929,WT,15,102,153
20230929,WT,15,103,102
20230929,WT,15,102,115
20230929,WT,16,103,137
20230929,WT,16,102,178
20230929,WT,16,102,181
20230929,WT,16,102,146
20230929,WT,17,102,181
20230929,WT,17,102,175
20230929,WT,17,102,160
20230929,WT,17,102,181
20230929,WT,18,102,130
20230929,WT,18,102,145
20230929,WT,18,102,132
20230929,WT,18,101,181
20230929,WT,19,102,181
20230929,WT,19,102,93
20230929,WT,19,102,131
20230929,WT,19,102,126
20230929,WT,20,102,181
20230929,WT,20,102,130
20230929,WT,20,102,93
20230929,WT,20,102,178
20230929,D262V,1,102,180
20230929,D262V,1,101,153
20230929,D262V,1,102,109
20230929,D262V,1,101,162
20230929,D262V,2,101,141
20230929,D262V,2,101,181
20230929,D262V,2,101,181
20230929,D262V,2,101,179
20230929,D262V,3,101,123
20230929,D262V,3,101,98
20230929,D262V,3,101,116
20230929,D262V,3,101,122
20230929,D262V,4,102,181
20230929,D262V,4,101,181
20230929,D262V,4,101,158
20230929,D262V,4,101,168
20230929,D262V,5,101,147
20230929,D262V,5,101,181
20230929,D262V,5,101,181
20230929,D262V,5,101,134
20230929,D262V,6,101,181
20230929,D262V,6,101,162
20230929,D262V,6,101,114
20230929,D262V,6,100,181
20230929,D262V,7,101,94
20230929,D262V,7,101,148
20230929,D262V,7,101,181
20230929,D262V,7,101,162
20230929,D262V,8,101,163
20230929,D262V,8,101,181
20230929,D262V,8,101,170
20230929,D262V,8,101,129
20230929,D262V,9,101,113
20230929,D262V,9,101,147
20230929,D262V,9,101,181
20230929,D262V,9,101,145
20230929,D262V,10,101,154
20230929,D262V,10,101,176
20230929,D262V,10,101,141
20230929,D262V,10,100,112
20230929,D262V,11,101,148
20230929,D262V,11,101,110
20230929,D262V,11,101,154
20230929,D262V,11,101,137
20230929,D262V,12,101,142
20230929,D262V,12,102,181
20230929,D262V,12,101,181
20230929,D262V,12,102,141
20230929,D262V,13,101,81
20230929,D262V,13,102,129
20230929,D262V,13,101,82
20230929,D262V,13,101,106
20230929,D262V,14,101,181
20230929,D262V,14,101,181
20230929,D262V,14,101,132
20230929,D262V,14,102,162
20230929,D262V,15,101,146
20230929,D262V,15,101,88
20230929,D262V,15,101,165
20230929,D262V,15,101,149
20230929,D262V,16,101,169
20230929,D262V,16,101,181
20230929,D262V,16,101,175
20230929,D262V,16,101,175
20230929,D262V,17,102,154
20230929,D262V,17,101,160
20230929,D262V,17,101,161
20230929,D262V,17,101,107
20230929,D262V,18,101,98
20230929,D262V,18,101,111
20230929,D262V,18,101,181
20230929,D262V,18,101,181
20230929,D262V,19,101,126
20230929,D262V,19,101,135
20230929,D262V,19,101,171
20230929,D262V,19,101,134
20230929,D262V,20,101,114
20230929,D262V,20,101,135
20230929,D262V,20,101,139
20230929,D262V,20,100,110
20230929,allW D262V,1,100,149
20230929,allW D262V,1,100,159
20230929,allW D262V,1,100,118
20230929,allW D262V,1,100,139
20230929,allW D262V,2,100,181
20230929,allW D262V,2,101,145
20230929,allW D262V,2,101,165
20230929,allW D262V,2,101,123
20230929,allW D262V,3,100,96
20230929,allW D262V,3,101,111
20230929,allW D262V,3,101,144
20230929,allW D262V,3,100,138
20230929,allW D262V,4,101,113
20230929,allW D262V,4,101,180
20230929,allW D262V,4,101,94
20230929,allW D262V,4,102,136
20230929,allW D262V,5,101,99
20230929,allW D262V,5,100,128
20230929,allW D262V,5,101,139
20230929,allW D262V,5,101,113
20230929,allW D262V,6,101,114
20230929,allW D262V,6,101,103
20230929,allW D262V,6,102,125
20230929,allW D262V,6,100,93
20230929,allW D262V,7,102,181
20230929,allW D262V,7,101,181
20230929,allW D262V,7,101,123
20230929,allW D262V,7,101,147
20230929,allW D262V,8,101,181
20230929,allW D262V,8,101,150
20230929,allW D262V,8,100,111
20230929,allW D262V,8,101,150
20230929,allW D262V,9,100,91
20230929,allW D262V,9,102,169
20230929,allW D262V,9,101,144
20230929,allW D262V,9,101,101
20230929,allW D262V,10,101,144
20230929,allW D262V,10,101,104
20230929,allW D262V,10,101,103
20230929,allW D262V,10,101,133
20230929,allW D262V,11,101,108
20230929,allW D262V,11,101,158
20230929,allW D262V,11,101,181
20230929,allW D262V,11,101,146
20230929,allW D262V,12,102,157
20230929,allW D262V,12,102,146
20230929,allW D262V,12,101,107
20230929,allW D262V,12,101,105
20230929,allW D262V,13,101,176
20230929,allW D262V,13,101,137
20230929,allW D262V,13,101,146
20230929,allW D262V,13,101,178
20230929,allW D262V,14,101,100
20230929,allW D262V,14,101,175
20230929,allW D262V,14,101,181
20230929,allW D262V,14,101,156
20230929,allW D262V,15,101,178
20230929,allW D262V,15,101,102
20230929,allW D262V,15,101,181
20230929,allW D262V,15,101,164
20230929,allW D262V,16,101,109
20230929,allW D262V,16,101,181
20230929,allW D262V,16,100,112
20230929,allW D262V,16,100,126
20230929,allW D262V,17,101,109
20230929,allW D262V,17,101,171
20230929,allW D262V,17,101,112
20230929,allW D262V,17,101,181
20230929,allW D262V,18,101,79
20230929,allW D262V,18,101,121
20230929,allW D262V,18,101,158
20230929,allW D262V,18,100,99
20230929,allW D262V,19,101,114
20230929,allW D262V,19,101,137
20230929,allW D262V,19,101,116
20230929,allW D262V,19,101,180
20230929,allW D262V,20,101,88
20230929,allW D262V,20,102,132
20230929,allW D262V,20,101,130
20230929,allW D262V,20,102,181
20231004,WT,1,100,97
20231004,WT,1,100,153
20231004,WT,1,100,181
20231004,WT,1,100,181
20231004,WT,2,101,141
20231004,WT,2,100,181
20231004,WT,2,101,110
20231004,WT,2,100,181
20231004,WT,3,101,152
20231004,WT,3,101,121
20231004,WT,3,101,164
20231004,WT,3,100,112
20231004,WT,4,101,92
20231004,WT,4,101,126
20231004,WT,4,100,141
20231004,WT,4,100,152
20231004,WT,5,101,115
20231004,WT,5,101,118
20231004,WT,5,100,77
20231004,WT,5,101,141
20231004,WT,7,101,181
20231004,WT,7,100,118
20231004,WT,7,101,132
20231004,WT,7,101,117
20231004,WT,8,101,131
20231004,WT,8,100,85
20231004,WT,8,101,88
20231004,WT,8,101,99
20231004,WT,9,101,131
20231004,WT,9,101,119
20231004,WT,9,100,138
20231004,WT,9,100,148
20231004,WT,10,101,129
20231004,WT,10,102,119
20231004,WT,10,101,164
20231004,WT,10,101,116
20231004,WT,11,101,181
20231004,WT,11,101,89
20231004,WT,11,101,181
20231004,WT,11,100,122
20231004,WT,12,101,131
20231004,WT,12,101,140
20231004,WT,12,101,113
20231004,WT,12,101,150
20231004,WT,13,101,104
20231004,WT,13,101,181
20231004,WT,13,101,141
20231004,WT,13,101,127
20231004,WT,14,101,135
20231004,WT,14,102,139
20231004,WT,14,101,116
20231004,WT,14,100,142
20231004,WT,15,102,181
20231004,WT,15,101,163
20231004,WT,15,101,173
20231004,WT,15,101,92
20231004,WT,16,101,159
20231004,WT,16,100,181
20231004,WT,16,101,104
20231004,WT,16,100,107
20231004,WT,17,101,148
20231004,WT,17,101,138
20231004,WT,17,101,176
20231004,WT,17,101,181
20231004,WT,18,101,78
20231004,WT,18,101,145
20231004,WT,18,101,95
20231004,WT,18,101,135
20231004,WT,19,101,181
20231004,WT,19,101,172
20231004,WT,19,101,159
20231004,WT,19,101,181
20231004,WT,20,100,181
20231004,WT,20,101,121
20231004,WT,20,101,158
20231004,WT,20,100,159
20231004,D262V,1,101,181
20231004,D262V,1,101,138
20231004,D262V,1,101,137
20231004,D262V,1,101,88
20231004,D262V,2,101,168
20231004,D262V,2,101,181
20231004,D262V,2,101,151
20231004,D262V,2,101,166
20231004,D262V,3,101,181
20231004,D262V,3,101,158
20231004,D262V,3,101,127
20231004,D262V,3,101,150
20231004,D262V,4,101,173
20231004,D262V,4,101,158
20231004,D262V,4,101,181
20231004,D262V,4,101,138
20231004,D262V,5,101,154
20231004,D262V,5,101,121
20231004,D262V,5,101,181
20231004,D262V,5,101,180
20231004,D262V,6,101,176
20231004,D262V,6,101,120
20231004,D262V,6,101,131
20231004,D262V,6,101,175
20231004,D262V,7,101,91
20231004,D262V,7,100,82
20231004,D262V,7,100,143
20231004,D262V,7,101,181
20231004,D262V,8,102,174
20231004,D262V,8,101,181
20231004,D262V,8,101,123
20231004,D262V,8,101,174
20231004,D262V,9,101,157
20231004,D262V,9,101,90
20231004,D262V,9,101,164
20231004,D262V,9,101,166
20231004,D262V,10,101,181
20231004,D262V,10,102,149
20231004,D262V,10,101,179
20231004,D262V,10,101,161
20231004,D262V,11,101,144
20231004,D262V,11,101,102
20231004,D262V,11,102,151
20231004,D262V,11,101,155
20231004,D262V,12,102,98
20231004,D262V,12,101,181
20231004,D262V,12,101,173
20231004,D262V,12,101,139
20231004,D262V,13,101,125
20231004,D262V,13,101,108
20231004,D262V,13,102,100
20231004,D262V,13,102,124
20231004,D262V,14,101,121
20231004,D262V,14,101,133
20231004,D262V,14,101,140
20231004,D262V,14,101,139
20231004,D262V,15,101,115
20231004,D262V,15,102,127
20231004,D262V,15,102,177
20231004,D262V,15,101,133
20231004,D262V,16,101,114
20231004,D262V,16,102,127
20231004,D262V,16,101,118
20231004,D262V,16,101,138
20231004,D262V,17,101,90
20231004,D262V,17,101,129
20231004,D262V,17,101,151
20231004,D262V,17,101,137
20231004,D262V,18,101,164
20231004,D262V,18,101,98
20231004,D262V,18,101,170
20231004,D262V,18,101,110
20231004,D262V,19,101,128
20231004,D262V,19,101,95
20231004,D262V,19,101,101
20231004,D262V,19,101,170
20231004,D262V,20,101,167
20231004,D262V,20,102,163
20231004,D262V,20,101,153
20231004,D262V,20,102,155
20231004,allW D262V,1,101,77
20231004,allW D262V,1,101,99
20231004,allW D262V,1,101,111
20231004,allW D262V,1,101,181
20231004,allW D262V,2,102,169
20231004,allW D262V,2,102,153
20231004,allW D262V,2,102,181
20231004,allW D262V,2,101,95
20231004,allW D262V,3,101,113
20231004,allW D262V,3,101,114
20231004,allW D262V,3,101,155
20231004,allW D262V,3,101,144
20231004,allW D262V,4,101,181
20231004,allW D262V,4,101,177
20231004,allW D262V,4,101,165
20231004,allW D262V,4,101,161
20231004,allW D262V,5,102,136
20231004,allW D262V,5,101,92
20231004,allW D262V,5,102,180
20231004,allW D262V,5,101,117
20231004,allW D262V,6,102,109
20231004,allW D262V,6,101,164
20231004,allW D262V,6,101,178
20231004,allW D262V,6,102,181
20231004,allW D262V,7,101,174
20231004,allW D262V,7,101,83
20231004,allW D262V,7,101,141
20231004,allW D262V,7,101,131
20231004,allW D262V,8,101,89
20231004,allW D262V,8,101,161
20231004,allW D262V,8,102,107
20231004,allW D262V,8,101,131
20231004,allW D262V,9,101,117
20231004,allW D262V,9,101,181
20231004,allW D262V,9,101,152
20231004,allW D262V,9,101,181
20231004,allW D262V,10,101,157
20231004,allW D262V,10,101,102
20231004,allW D262V,10,101,181
20231004,allW D262V,10,101,163
20231004,allW D262V,11,101,163
20231004,allW D262V,11,102,181
20231004,allW D262V,11,102,181
20231004,allW D262V,11,101,181
20231004,allW D262V,12,101,180
20231004,allW D262V,12,101,104
20231004,allW D262V,12,101,151
20231004,allW D262V,12,102,106
20231004,allW D262V,13,101,141
20231004,allW D262V,13,101,117
20231004,allW D262V,13,101,98
20231004,allW D262V,13,101,111
20231004,allW D262V,14,101,134
20231004,allW D262V,14,101,119
20231004,allW D262V,14,101,181
20231004,allW D262V,14,101,162
20231004,allW D262V,15,101,133
20231004,allW D262V,15,101,158
20231004,allW D262V,15,101,108
20231004,allW D262V,15,101,110
20231004,allW D262V,16,101,117
20231004,allW D262V,16,101,93
20231004,allW D262V,16,101,133
20231004,allW D262V,16,101,180
20231004,allW D262V,17,101,90
20231004,allW D262V,17,101,86
20231004,allW D262V,17,101,125
20231004,allW D262V,17,101,158
20231004,allW D262V,18,101,88
20231004,allW D262V,18,101,138
20231004,allW D262V,18,101,82
20231004,allW D262V,18,101,181
20231004,allW D262V,20,101,178
20231004,allW D262V,20,100,181
20231004,allW D262V,20,101,157
20231004,allW D262V,20,101,106
20231005,WT,1,100,167
20231005,WT,1,101,169
20231005,WT,1,100,119
20231005,WT,1,101,101
20231005,WT,2,101,150
20231005,WT,2,101,120
20231005,WT,2,101,160
20231005,WT,2,100,152
20231005,WT,3,101,109
20231005,WT,3,101,181
20231005,WT,3,100,133
20231005,WT,3,100,124
20231005,WT,4,101,181
20231005,WT,4,101,129
20231005,WT,4,101,95
20231005,WT,4,101,110
20231005,WT,5,101,74
20231005,WT,5,101,180
20231005,WT,5,100,113
20231005,WT,5,100,136
20231005,WT,6,102,168
20231005,WT,6,101,89
20231005,WT,6,101,126
20231005,WT,6,101,112
20231005,WT,7,101,87
20231005,WT,7,101,114
20231005,WT,7,101,95
20231005,WT,7,101,100
20231005,WT,8,100,168
20231005,WT,8,100,181
20231005,WT,8,100,132
20231005,WT,8,100,125
20231005,WT,9,100,150
20231005,WT,9,101,85
20231005,WT,9,100,105
20231005,WT,9,100,104
20231005,WT,10,100,73
20231005,WT,10,101,99
20231005,WT,10,100,109
20231005,WT,10,100,77
20231005,WT,11,101,133
20231005,WT,11,101,121
20231005,WT,11,101,73
20231005,WT,11,101,87
20231005,WT,12,101,82
20231005,WT,12,101,81
20231005,WT,12,100,74
20231005,WT,12,101,159
20231005,WT,13,101,87
20231005,WT,13,100,126
20231005,WT,13,100,91
20231005,WT,13,101,141
20231005,WT,14,101,124
20231005,WT,14,100,156
20231005,WT,14,101,126
20231005,WT,14,101,106
20231005,WT,15,101,79
20231005,WT,15,101,119
20231005,WT,15,100,86
20231005,WT,15,100,145
20231005,WT,16,100,71
20231005,WT,16,100,100
20231005,WT,16,101,92
20231005,WT,16,100,90
20231005,WT,17,101,86
20231005,WT,17,101,128
20231005,WT,17,101,75
20231005,WT,17,101,80
20231005,WT,18,101,134
20231005,WT,18,101,101
20231005,WT,18,101,101
20231005,WT,18,101,104
20231005,WT,19,100,107
20231005,WT,19,101,99
20231005,WT,19,101,124
20231005,WT,19,100,84
20231005,WT,20,101,94
20231005,WT,20,101,122
20231005,WT,20,100,123
20231005,WT,20,100,90
20231005,D262V,1,102,181
20231005,D262V,1,101,181
20231005,D262V,1,101,167
20231005,D262V,2,101,181
20231005,D262V,2,101,181
20231005,D262V,2,101,169
20231005,D262V,2,100,143
20231005,D262V,3,101,181
20231005,D262V,3,101,181
20231005,D262V,3,101,181
20231005,D262V,3,101,181
20231005,D262V,4,101,181
20231005,D262V,4,101,181
20231005,D262V,4,101,181
20231005,D262V,4,101,181
20231005,D262V,5,101,181
20231005,D262V,5,100,181
20231005,D262V,5,101,154
20231005,D262V,5,101,181
20231005,D262V,6,101,181
20231005,D262V,6,100,181
20231005,D262V,6,100,142
20231005,D262V,6,102,181
20231005,D262V,7,102,181
20231005,D262V,7,101,181
20231005,D262V,7,102,181
20231005,D262V,7,102,158
20231005,D262V,8,102,181
20231005,D262V,8,101,181
20231005,D262V,8,101,180
20231005,D262V,8,101,181
20231005,D262V,9,101,181
20231005,D262V,9,100,134
20231005,D262V,9,102,157
20231005,D262V,9,101,156
20231005,D262V,10,101,181
20231005,D262V,10,102,181
20231005,D262V,10,101,181
20231005,D262V,10,101,181
20231005,D262V,11,101,181
20231005,D262V,11,102,181
20231005,D262V,11,101,181
20231005,D262V,11,101,181
20231005,D262V,12,101,181
20231005,D262V,12,101,181
20231005,D262V,12,101,181
20231005,D262V,12,102,181
20231005,D262V,13,101,181
20231005,D262V,13,101,181
20231005,D262V,13,101,181
20231005,D262V,13,101,181
20231005,D262V,14,101,160
20231005,D262V,14,102,181
20231005,D262V,14,101,181
20231005,D262V,14,101,181
20231005,D262V,15,101,181
20231005,D262V,15,102,181
20231005,D262V,15,101,100
20231005,D262V,15,101,181
20231005,D262V,16,101,181
20231005,D262V,16,101,181
20231005,D262V,16,101,181
20231005,D262V,16,101,181
20231005,D262V,17,101,181
20231005,D262V,17,101,181
20231005,D262V,17,101,181
20231005,D262V,17,101,180
20231005,D262V,18,101,181
20231005,D262V,18,101,181
20231005,D262V,18,101,92
20231005,D262V,18,101,181
20231005,D262V,19,101,181
20231005,D262V,19,101,181
20231005,D262V,19,101,181
20231005,D262V,19,101,181
20231005,D262V,20,101,181
20231005,D262V,20,101,173
20231005,D262V,20,101,181
20231005,D262V,20,100,181
20231005,allW D262V,1,101,112
20231005,allW D262V,1,102,114
20231005,allW D262V,1,101,147
20231005,allW D262V,1,102,108
20231005,allW D262V,2,102,118
20231005,allW D262V,2,101,92
20231005,allW D262V,2,102,108
20231005,allW D262V,2,101,105
20231005,allW D262V,3,101,107
20231005,allW D262V,3,101,153
20231005,allW D262V,3,102,117
20231005,allW D262V,3,101,90
20231005,allW D262V,4,101,133
20231005,allW D262V,4,101,137
20231005,allW D262V,4,101,139
20231005,allW D262V,4,101,126
20231005,allW D262V,5,101,94
20231005,allW D262V,5,102,153
20231005,allW D262V,5,101,114
20231005,allW D262V,5,101,172
20231005,allW D262V,6,101,146
20231005,allW D262V,6,101,119
20231005,allW D262V,6,101,107
20231005,allW D262V,6,102,107
20231005,allW D262V,7,100,96
20231005,allW D262V,7,100,110
20231005,allW D262V,7,101,131
20231005,allW D262V,7,101,91
20231005,allW D262V,8,101,129
20231005,allW D262V,8,102,181
20231005,allW D262V,8,101,99
20231005,allW D262V,8,101,87
20231005,allW D262V,9,101,130
20231005,allW D262V,9,101,127
20231005,allW D262V,9,101,153
20231005,allW D262V,9,101,97
20231005,allW D262V,10,101,160
20231005,allW D262V,10,101,113
20231005,allW D262V,10,101,121
20231005,allW D262V,10,100,90
20231005,allW D262V,11,101,151
20231005,allW D262V,11,101,109
20231005,allW D262V,11,101,141
20231005,allW D262V,11,100,84
20231005,allW D262V,12,101,163
20231005,allW D262V,12,101,85
20231005,allW D262V,12,102,167
20231005,allW D262V,12,101,112
20231005,allW D262V,13,102,181
20231005,allW D262V,13,101,117
20231005,allW D262V,13,101,169
20231005,allW D262V,13,102,97
20231005,allW D262V,14,100,157
20231005,allW D262V,14,100,113
20231005,allW D262V,14,100,178
20231005,allW D262V,14,101,97
20231005,allW D262V,15,101,141
20231005,allW D262V,15,101,110
20231005,allW D262V,15,101,176
20231005,allW D262V,15,101,177
20231005,allW D262V,16,102,157
20231005,allW D262V,16,101,99
20231005,allW D262V,16,101,132
20231005,allW D262V,16,101,87
20231005,allW D262V,17,101,113
20231005,allW D262V,17,101,169
20231005,allW D262V,17,102,125
20231005,allW D262V,17,101,74
20231005,allW D262V,18,101,181
20231005,allW D262V,18,101,145
20231005,allW D262V,18,101,109
20231005,allW D262V,18,101,110
20231005,allW D262V,19,101,74
20231005,allW D262V,19,101,176
20231005,allW D262V,19,101,108
20231005,allW D262V,19,101,175
20231005,allW D262V,20,101,160
20231005,allW D262V,20,102,111
20231005,allW D262V,20,101,94
20231005,allW D262V,20,101,131
20231207,WT,1,100,76
20231207,WT,1,100,125
20231207,WT,1,100,117
20231207,WT,1,101,78
20231207,WT,2,101,124
20231207,WT,2,100,181
20231207,WT,2,101,162
20231207,WT,2,101,181
20231207,WT,3,101,181
20231207,WT,3,101,94
20231207,WT,3,101,181
20231207,WT,3,101,100
20231207,WT,4,101,150
20231207,WT,4,101,144
20231207,WT,4,100,96
20231207,WT,4,100,92
20231207,WT,5,100,181
20231207,WT,5,101,181
20231207,WT,5,101,181
20231207,WT,5,101,128
20231207,WT,6,101,181
20231207,WT,6,101,181
20231207,WT,6,101,110
20231207,WT,6,100,181
20231207,WT,7,101,120
20231207,WT,7,101,132
20231207,WT,7,101,88
20231207,WT,7,101,181
20231207,WT,8,101,100
20231207,WT,8,101,145
20231207,WT,8,100,143
20231207,WT,8,101,130
20231207,WT,9,101,124
20231207,WT,9,100,125
20231207,WT,9,100,74
20231207,WT,9,100,95
20231207,WT,10,100,113
20231207,WT,10,100,119
20231207,WT,10,100,147
20231207,WT,10,101,104
20231207,WT,11,100,181
20231207,WT,11,100,176
20231207,WT,11,100,181
20231207,WT,11,100,126
20231207,WT,12,101,181
20231207,WT,12,101,151
20231207,WT,12,100,125
20231207,WT,12,101,156
20231207,WT,13,100,118
20231207,WT,13,100,170
20231207,WT,13,101,181
20231207,WT,13,101,141
20231207,WT,14,101,142
20231207,WT,14,100,139
20231207,WT,14,100,130
20231207,WT,14,100,117
20231207,WT,15,102,181
20231207,WT,15,101,93
20231207,WT,15,100,127
20231207,WT,15,101,148
20231207,WT,16,101,107
20231207,WT,16,101,181
20231207,WT,16,100,88
20231207,WT,16,100,121
20231207,WT,17,101,157
20231207,WT,17,101,181
20231207,WT,17,101,119
20231207,WT,17,101,87
20231207,WT,18,101,132
20231207,WT,18,101,132
20231207,WT,18,101,181
20231207,WT,18,101,181
20231207,WT,19,101,86
20231207,WT,19,101,181
20231207,WT,19,101,103
20231207,WT,19,101,122
20231207,WT,20,101,153
20231207,WT,20,101,74
20231207,WT,20,101,141
20231207,WT,20,101,132
20231207,D262V,1,100,135
20231207,D262V,1,100,100
20231207,D262V,1,100,87
20231207,D262V,1,101,150
20231207,D262V,2,101,181
20231207,D262V,2,100,181
20231207,D262V,2,100,181
20231207,D262V,2,101,146
20231207,D262V,3,102,100
20231207,D262V,3,101,181
20231207,D262V,3,101,100
20231207,D262V,3,101,149
20231207,D262V,4,101,149
20231207,D262V,4,100,181
20231207,D262V,4,100,149
20231207,D262V,4,100,117
20231207,D262V,5,101,96
20231207,D262V,5,100,131
20231207,D262V,5,100,120
20231207,D262V,5,100,89
20231207,D262V,6,101,115
20231207,D262V,6,100,154
20231207,D262V,6,100,86
20231207,D262V,6,101,114
20231207,D262V,7,101,161
20231207,D262V,7,101,96
20231207,D262V,7,100,73
20231207,D262V,7,101,154
20231207,D262V,8,101,160
20231207,D262V,8,101,136
20231207,D262V,8,101,105
20231207,D262V,8,101,97
20231207,D262V,9,101,116
20231207,D262V,9,101,115
20231207,D262V,9,101,113
20231207,D262V,9,101,181
20231207,D262V,10,101,181
20231207,D262V,10,101,161
20231207,D262V,10,101,150
20231207,D262V,10,101,160
20231207,D262V,11,102,106
20231207,D262V,11,102,143
20231207,D262V,11,101,168
20231207,D262V,11,100,176
20231207,D262V,12,100,103
20231207,D262V,12,101,128
20231207,D262V,12,101,158
20231207,D262V,12,101,122
20231207,D262V,13,101,109
20231207,D262V,13,101,110
20231207,D262V,13,101,179
20231207,D262V,13,101,79
20231207,D262V,14,100,161
20231207,D262V,14,100,181
20231207,D262V,14,102,129
20231207,D262V,14,101,136
20231207,D262V,15,101,133
20231207,D262V,15,101,142
20231207,D262V,15,100,181
20231207,D262V,15,100,162
20231207,D262V,16,101,123
20231207,D262V,16,101,181
20231207,D262V,16,101,181
20231207,D262V,16,101,126
20231207,D262V,17,101,112
20231207,D262V,17,101,121
20231207,D262V,17,100,79
20231207,D262V,17,100,164
20231207,D262V,18,100,131
20231207,D262V,18,101,181
20231207,D262V,18,101,142
20231207,D262V,18,101,131
20231207,D262V,19,101,114
20231207,D262V,19,101,131
20231207,D262V,19,101,112
20231207,D262V,19,100,105
20231207,D262V,20,101,158
20231207,D262V,20,101,91
20231207,D262V,20,101,109
20231207,D262V,20,101,95
20231207,allW D262V,1,101,124
20231207,allW D262V,1,101,175
20231207,allW D262V,1,101,138
20231207,allW D262V,1,101,87
20231207,allW D262V,2,101,138
20231207,allW D262V,2,101,83
20231207,allW D262V,2,101,155
20231207,allW D262V,2,102,153
20231207,allW D262V,3,101,117
20231207,allW D262V,3,101,105
20231207,allW D262V,3,101,169
20231207,allW D262V,3,101,90
20231207,allW D262V,4,101,103
20231207,allW D262V,4,101,107
20231207,allW D262V,4,100,84
20231207,allW D262V,4,101,143
20231207,allW D262V,5,101,93
20231207,allW D262V,5,100,105
20231207,allW D262V,5,101,85
20231207,allW D262V,5,100,128
20231207,allW D262V,6,101,84
20231207,allW D262V,6,101,100
20231207,allW D262V,6,101,80
20231207,allW D262V,6,102,112
20231207,allW D262V,7,101,99
20231207,allW D262V,7,101,108
20231207,allW D262V,7,101,119
20231207,allW D262V,7,100,167
20231207,allW D262V,8,101,88
20231207,allW D262V,8,101,145
20231207,allW D262V,8,101,140
20231207,allW D262V,8,101,124
20231207,allW D262V,9,101,93
20231207,allW D262V,9,101,79
20231207,allW D262V,9,101,86
20231207,allW D262V,9,101,112
20231207,allW D262V,10,101,97
20231207,allW D262V,10,101,154
20231207,allW D262V,10,101,118
20231207,allW D262V,10,101,87
20231207,allW D262V,11,101,120
20231207,allW D262V,11,101,153
20231207,allW D262V,11,101,105
20231207,allW D262V,11,101,119
20231207,allW D262V,12,101,110
20231207,allW D262V,12,101,136
20231207,allW D262V,12,101,119
20231207,allW D262V,12,101,172
20231207,allW D262V,13,101,151
20231207,allW D262V,13,101,147
20231207,allW D262V,13,101,101
20231207,allW D262V,13,101,181
20231207,allW D262V,14,101,117
20231207,allW D262V,14,101,109
20231207,allW D262V,14,101,135
20231207,allW D262V,14,101,101
20231207,allW D262V,15,102,107
20231207,allW D262V,15,101,148
20231207,allW D262V,15,101,150
20231207,allW D262V,15,101,92
20231207,allW D262V,16,101,94
20231207,allW D262V,16,101,96
20231207,allW D262V,16,101,177
20231207,allW D262V,16,101,84
20231207,allW D262V,17,101,84
20231207,allW D262V,17,101,81
20231207,allW D262V,17,101,136
20231207,allW D262V,17,101,105
20231207,allW D262V,18,101,96
20231207,allW D262V,18,102,166
20231207,allW D262V,18,101,99
20231207,allW D262V,18,101,79
20231207,allW D262V,19,101,91
20231207,allW D262V,19,101,107
20231207,allW D262V,19,101,88
20231207,allW D262V,19,101,97
20231207,allW D262V,20,101,87
20231207,allW D262V,20,101,104
20231207,allW D262V,20,101,154
20231207,allW D262V,20,100,82
