Variant,cat,t,f_mean,f_sem,f_n
D262V,expressing,0,1,0,3
D262V,nonexpressing,0,1,0,3
D262V,expressing,1,1,0,3
D262V,nonexpressing,1,1,0,3
D262V,expressing,2,1,0,3
D262V,nonexpressing,2,1,0,3
D262V,expressing,3,1,0,3
D262V,nonexpressing,3,1,0,3
D262V,expressing,4,1,0,3
D262V,nonexpressing,4,1,0,3
D262V,expressing,5,1,0,3
D262V,nonexpressing,5,1,0,3
D262V,expressing,6,1,0,3
D262V,nonexpressing,6,1,0,3
D262V,expressing,7,1,0,3
D262V,nonexpressing,7,1,0,3
D262V,expressing,8,1,0,3
D262V,nonexpressing,8,1,0,3
D262V,expressing,9,1,0,3
D262V,nonexpressing,9,1,0,3
D262V,expressing,10,1,0,3
D262V,nonexpressing,10,1,0,3
D262V,expressing,11,1,0,3
D262V,nonexpressing,11,0.9958333333333333,0.004166666666666652,3
D262V,expressing,12,1,0,3
D262V,nonexpressing,12,0.9958333333333333,0.004166666666666652,3
D262V,expressing,13,0.996996996996997,0.0030030030030030095,3
D262V,nonexpressing,13,0.9958333333333333,0.004166666666666652,3
D262V,expressing,14,0.996996996996997,0.0030030030030030095,3
D262V,nonexpressing,14,0.9958333333333333,0.004166666666666652,3
D262V,expressing,15,0.996996996996997,0.0030030030030030095,3
D262V,nonexpressing,15,0.9958333333333333,0.004166666666666652,3
D262V,expressing,16,0.993993993993994,0.006006006006006019,3
D262V,nonexpressing,16,0.9958333333333333,0.004166666666666652,3
D262V,expressing,17,0.990990990990991,0.009009009009008992,3
D262V,nonexpressing,17,0.9875,0.012499999999999992,3
D262V,expressing,18,0.990990990990991,0.009009009009008992,3
D262V,nonexpressing,18,0.9875,0.012499999999999992,3
D262V,expressing,19,0.9718867803974187,0.01852288719444837,3
D262V,nonexpressing,19,0.9833333333333334,0.011023963796102458,3
D262V,expressing,20,0.9647945818158584,0.018571751040515328,3
D262V,nonexpressing,20,0.975,0.007216878364870329,3
D262V,expressing,21,0.9587885758098524,0.023415704715234346,3
D262V,nonexpressing,21,0.975,0.007216878364870329,3
D262V,expressing,22,0.9557855728068494,0.02602002985623315,3
D262V,nonexpressing,22,0.975,0.007216878364870329,3
D262V,expressing,23,0.9557855728068494,0.02602002985623315,3
D262V,nonexpressing,23,0.975,0.007216878364870329,3
D262V,expressing,24,0.9456903712222862,0.029000763917171043,3
D262V,nonexpressing,24,0.9708333333333333,0.011023963796102485,3
D262V,expressing,25,0.9456903712222862,0.029000763917171043,3
D262V,nonexpressing,25,0.9666666666666667,0.0150231303144333,3
D262V,expressing,26,0.9456903712222862,0.029000763917171043,3
D262V,nonexpressing,26,0.9583333333333334,0.011023963796102458,3
D262V,expressing,27,0.9396843652162801,0.03385442723898513,3
D262V,nonexpressing,27,0.9541666666666667,0.015023130314433272,3
D262V,expressing,28,0.9281228036547186,0.03443479393660265,3
D262V,nonexpressing,28,0.9458333333333333,0.011023963796102449,3
D262V,expressing,29,0.9210306050731583,0.034336285336253373,3
D262V,nonexpressing,29,0.9375,0.014433756729740658,3
D262V,expressing,30,0.913938406491598,0.03567638587875042,3
D262V,nonexpressing,30,0.9375,0.014433756729740658,3
D262V,expressing,31,0.9109354034885949,0.037804636346334825,3
D262V,nonexpressing,31,0.9375,0.014433756729740658,3
D262V,expressing,32,0.8998242923774838,0.02735371778539001,3
D262V,nonexpressing,32,0.9333333333333333,0.011023963796102458,3
D262V,expressing,33,0.8998242923774838,0.02735371778539001,3
D262V,nonexpressing,33,0.925,0.014433756729740626,3
D262V,expressing,34,0.8968212893744808,0.029820819080478032,3
D262V,nonexpressing,34,0.9166666666666666,0.022047927592204915,3
D262V,expressing,35,0.8841735352373651,0.0256579743950441,3
D262V,nonexpressing,35,0.9125,0.026020824993326638,3
D262V,expressing,36,0.8726119736758035,0.0253569631646642,3
D262V,nonexpressing,36,0.8958333333333334,0.018162078931419474,3
D262V,expressing,37,0.8696089706728005,0.02799061491690672,3
D262V,nonexpressing,37,0.8958333333333334,0.018162078931419474,3
D262V,expressing,38,0.8625167720912402,0.028537725625379456,3
D262V,nonexpressing,38,0.8791666666666667,0.02916666666666669,3
D262V,expressing,39,0.8505047600792282,0.038361002593868244,3
D262V,nonexpressing,39,0.875,0.028867513459481315,3
D262V,expressing,40,0.8444987540732222,0.043684839618659134,3
D262V,nonexpressing,40,0.8708333333333333,0.02916666666666669,3
D262V,expressing,41,0.8444987540732222,0.043684839618659134,3
D262V,nonexpressing,41,0.8666666666666667,0.032542706982944404,3
D262V,expressing,42,0.8389431985176666,0.03922112392955457,3
D262V,nonexpressing,42,0.8666666666666667,0.032542706982944404,3
D262V,expressing,43,0.8359401955146636,0.04203649176179584,3
D262V,nonexpressing,43,0.8583333333333334,0.03974746672570609,3
D262V,expressing,44,0.815369624944093,0.052659448175823874,3
D262V,nonexpressing,44,0.85,0.040181878170803965,3
D262V,expressing,45,0.815369624944093,0.052659448175823874,3
D262V,nonexpressing,45,0.8458333333333333,0.037034143405481626,3
D262V,expressing,46,0.8082774263625327,0.05069680832107795,3
D262V,nonexpressing,46,0.8416666666666667,0.03632415786283895,3
D262V,expressing,47,0.8082774263625327,0.05069680832107795,3
D262V,nonexpressing,47,0.8291666666666666,0.04103690750748376,3
D262V,expressing,48,0.7910900261964091,0.05217920287463645,3
D262V,nonexpressing,48,0.8125,0.038188130791298666,3
D262V,expressing,49,0.7910900261964091,0.05217920287463645,3
D262V,nonexpressing,49,0.8083333333333333,0.0356000156054897,3
D262V,expressing,50,0.7880870231934062,0.054745909779156186,3
D262V,nonexpressing,50,0.7958333333333334,0.041666666666666664,3
D262V,expressing,51,0.7880870231934062,0.054745909779156186,3
D262V,nonexpressing,51,0.7875,0.04389855730355309,3
D262V,expressing,52,0.7850840201904031,0.057355000797965676,3
D262V,nonexpressing,52,0.7666666666666667,0.04639803635691683,3
D262V,expressing,53,0.7850840201904031,0.057355000797965676,3
D262V,nonexpressing,53,0.7541666666666667,0.05220818369225695,3
D262V,expressing,54,0.7820810171874002,0.060000947072474345,3
D262V,nonexpressing,54,0.7458333333333333,0.05464532103585002,3
D262V,expressing,55,0.7645134496198326,0.06651437628466789,3
D262V,nonexpressing,55,0.7416666666666667,0.05877806658194119,3
D262V,expressing,56,0.7615104466168297,0.06934101748562232,3
D262V,nonexpressing,56,0.7375,0.05636562191028619,3
D262V,expressing,57,0.7525014376078206,0.07790016938738253,3
D262V,nonexpressing,57,0.7375,0.05636562191028619,3
D262V,expressing,58,0.7469458820522651,0.07392597186080552,3
D262V,nonexpressing,58,0.7291666666666666,0.05833333333333331,3
D262V,expressing,59,0.7358347709411539,0.06665928555507653,3
D262V,nonexpressing,59,0.7166666666666667,0.05877806658194119,3
D262V,expressing,60,0.7302792153855984,0.06344492462664086,3
D262V,nonexpressing,60,0.7083333333333334,0.060524329359724786,3
D262V,expressing,61,0.7231870168040381,0.06059391716294144,3
D262V,nonexpressing,61,0.6958333333333333,0.0605243293597248,3
D262V,expressing,62,0.7171810107980321,0.06652754018595682,3
D262V,nonexpressing,62,0.6916666666666667,0.0587780665819412,3
D262V,expressing,63,0.7171810107980321,0.06652754018595682,3
D262V,nonexpressing,63,0.6875,0.057282196186948006,3
D262V,expressing,64,0.7111750047920261,0.07247308897464733,3
D262V,nonexpressing,64,0.6791666666666667,0.05877806658194119,3
D262V,expressing,65,0.7081720017890231,0.07544945472169963,3
D262V,nonexpressing,65,0.6666666666666666,0.05511981898051231,3
D262V,expressing,66,0.6909846016228994,0.07409370754219946,3
D262V,nonexpressing,66,0.6583333333333333,0.05833333333333332,3
D262V,expressing,67,0.6838924030413392,0.0728714632494096,3
D262V,nonexpressing,67,0.6416666666666666,0.05511981898051231,3
D262V,expressing,68,0.6838924030413392,0.0728714632494096,3
D262V,nonexpressing,68,0.6416666666666666,0.05511981898051231,3
D262V,expressing,69,0.6808894000383362,0.07564853055819347,3
D262V,nonexpressing,69,0.6208333333333333,0.07009418267191966,3
D262V,expressing,70,0.6622356398952144,0.0758627494561638,3
D262V,nonexpressing,70,0.6166666666666667,0.06705615391429617,3
D262V,expressing,71,0.6592326368922113,0.07863671975046918,3
D262V,nonexpressing,71,0.6041666666666666,0.06934715407122184,3
D262V,expressing,72,0.6592326368922113,0.07863671975046918,3
D262V,nonexpressing,72,0.5958333333333333,0.06305310812675649,3
D262V,expressing,73,0.6450482397290908,0.07796336615533281,3
D262V,nonexpressing,73,0.5833333333333334,0.061378832761067634,3
D262V,expressing,74,0.6309341256149766,0.07096402410499314,3
D262V,nonexpressing,74,0.575,0.06959705453537528,3
D262V,expressing,75,0.6309341256149766,0.07096402410499314,3
D262V,nonexpressing,75,0.5625,0.06414501799308606,3
D262V,expressing,76,0.6223755670564182,0.06911789235553088,3
D262V,nonexpressing,76,0.55,0.0616610357789531,3
D262V,expressing,77,0.6163695610504122,0.07466858525278425,3
D262V,nonexpressing,77,0.5375,0.05773502691896257,3
D262V,expressing,78,0.6133665580474091,0.07746940683102732,3
D262V,nonexpressing,78,0.5333333333333333,0.05788518328937418,3
D262V,expressing,79,0.6002683534598429,0.08208974089826085,3
D262V,nonexpressing,79,0.5208333333333334,0.04695594862326935,3
D262V,expressing,80,0.5901731518752795,0.0843079683648052,3
D262V,nonexpressing,80,0.5083333333333333,0.05120085719768547,3
D262V,expressing,81,0.5830809532937193,0.08437190539878842,3
D262V,nonexpressing,81,0.5,0.054486236794258416,3
D262V,expressing,82,0.5830809532937193,0.08437190539878842,3
D262V,nonexpressing,82,0.49583333333333335,0.05416666666666667,3
D262V,expressing,83,0.5745223947351608,0.08205136031745039,3
D262V,nonexpressing,83,0.49166666666666664,0.05068968775248515,3
D262V,expressing,84,0.5715193917321577,0.08466487075801743,3
D262V,nonexpressing,84,0.48333333333333334,0.05120085719768547,3
D262V,expressing,85,0.5685163887291547,0.08730344211468187,3
D262V,nonexpressing,85,0.475,0.04506939094329988,3
D262V,expressing,86,0.5625103827231487,0.0926471828847888,3
D262V,nonexpressing,86,0.4666666666666666,0.03974746672570608,3
D262V,expressing,87,0.5524151811385855,0.0950555327716617,3
D262V,nonexpressing,87,0.44583333333333336,0.04805234414446167,3
D262V,expressing,88,0.5423199795540221,0.0977939003862584,3
D262V,nonexpressing,88,0.4333333333333333,0.05464532103585002,3
D262V,expressing,89,0.5423199795540221,0.0977939003862584,3
D262V,nonexpressing,89,0.42083333333333334,0.05120085719768547,3
D262V,expressing,90,0.5251325793878986,0.10183895771016306,3
D262V,nonexpressing,90,0.42083333333333334,0.05120085719768547,3
D262V,expressing,91,0.49683406811066383,0.09653117392508656,3
D262V,nonexpressing,91,0.41250000000000003,0.047324236215002306,3
D262V,expressing,92,0.49683406811066383,0.09653117392508656,3
D262V,nonexpressing,92,0.3875,0.045069390943299835,3
D262V,expressing,93,0.48373586352309755,0.1026474365831931,3
D262V,nonexpressing,93,0.37916666666666665,0.0435012771204606,3
D262V,expressing,94,0.475177304964539,0.09937517521032486,3
D262V,nonexpressing,94,0.37916666666666665,0.0435012771204606,3
D262V,expressing,95,0.475177304964539,0.09937517521032486,3
D262V,nonexpressing,95,0.375,0.04330127018922191,3
D262V,expressing,96,0.469171298958533,0.10374687128660659,3
D262V,nonexpressing,96,0.3541666666666667,0.04695594862326935,3
D262V,expressing,97,0.46616829595553,0.10599274177841765,3
D262V,nonexpressing,97,0.3541666666666667,0.04695594862326935,3
D262V,expressing,98,0.4606127403999744,0.10075438288210142,3
D262V,nonexpressing,98,0.3416666666666667,0.05068968775248518,3
D262V,expressing,99,0.4434253402338509,0.10620757072521674,3
D262V,nonexpressing,99,0.32083333333333336,0.05833333333333332,3
D262V,expressing,100,0.427774583093732,0.10494156755524847,3
D262V,nonexpressing,100,0.3,0.050518148554092285,3
D262V,expressing,101,0.4222190275381765,0.09950680248906088,3
D262V,nonexpressing,101,0.29166666666666663,0.04639803635691686,3
D262V,expressing,102,0.4162130215321705,0.10364393216230658,3
D262V,nonexpressing,102,0.2791666666666667,0.048052344144461655,3
D262V,expressing,103,0.4076544629736119,0.10044848782865139,3
D262V,nonexpressing,103,0.275,0.04506939094329988,3
D262V,expressing,104,0.39053734585649474,0.09447094802297648,3
D262V,nonexpressing,104,0.26666666666666666,0.04350127712046064,3
D262V,expressing,105,0.3849817903009392,0.08931476916595381,3
D262V,nonexpressing,105,0.2625,0.04330127018922194,3
D262V,expressing,106,0.3794262347453837,0.0842094077703734,3
D262V,nonexpressing,106,0.25,0.04330127018922191,3
D262V,expressing,107,0.3663280301578174,0.08988113656733525,3
D262V,nonexpressing,107,0.24583333333333335,0.03974746672570606,3
D262V,expressing,108,0.3552169190467063,0.07966467862880934,3
D262V,nonexpressing,108,0.23333333333333336,0.03632415786283895,3
D262V,expressing,109,0.3522139160437033,0.0821330901341163,3
D262V,nonexpressing,109,0.22916666666666666,0.032542706982944376,3
D262V,expressing,110,0.3436553574851447,0.07972710373991607,3
D262V,nonexpressing,110,0.22916666666666666,0.032542706982944376,3
D262V,expressing,111,0.33809980192958916,0.07490852096773801,3
D262V,nonexpressing,111,0.22083333333333333,0.03410563654946853,3
D262V,expressing,112,0.3325442463740336,0.07019893411907674,3
D262V,nonexpressing,112,0.21250000000000002,0.037499999999999985,3
D262V,expressing,113,0.31835984921091304,0.07083287506566496,3
D262V,nonexpressing,113,0.19999999999999998,0.03145764348029478,3
D262V,expressing,114,0.31835984921091304,0.07083287506566496,3
D262V,nonexpressing,114,0.1875,0.03145764348029479,3
D262V,expressing,115,0.31535684620791,0.07321274434709434,3
D262V,nonexpressing,115,0.18333333333333332,0.034105636549468556,3
D262V,expressing,116,0.31535684620791,0.07321274434709434,3
D262V,nonexpressing,116,0.18333333333333332,0.034105636549468556,3
D262V,expressing,117,0.30980129065235446,0.06813921493014645,3
D262V,nonexpressing,117,0.17083333333333336,0.034105636549468556,3
D262V,expressing,118,0.2986901795412434,0.058256597475387056,3
D262V,nonexpressing,118,0.1625,0.033071891388307365,3
